{
  "correlation_matrix": {
    "age": {
      "age": 1.0,
      "ca": 0.362604526192275,
      "chol": 0.20895026996478226,
      "cp": 0.1041359643379279
    },
    "ca": {
      "age": 0.362604526192275,
      "ca": 1.0,
      "chol": 0.1190084087721085,
      "cp": 0.23321414702308975
    },
    "chol": {
      "age": 0.20895026996478226,
      "ca": 0.1190084087721085,
      "chol": 1.0,
      "cp": 0.0123456789012345
    },
    "cp": {
      "age": 0.1041359643379279,
      "ca": 0.23321414702308975,
      "chol": 0.0123456789012345,
      "cp": 1.0
    }
  }
}
